[{
  "_id": {
    "$oid": "66390dc46c9b1457a2af5758"
  },
  "Nombre": "C++",
  "Herencia": true,
  "Multiplataforma": false,
  "Polimorfismo": true,
  "Encapsulamiento": true
},
{
  "_id": {
    "$oid": "66390dc46c9b1457a2af5759"
  },
  "Nombre": "Java",
  "Herencia": true,
  "Multiplataforma": true,
  "Polimorfismo": true,
  "Encapsulamiento": true
},
{
  "_id": {
    "$oid": "66390dc46c9b1457a2af575a"
  },
  "Nombre": "Ruby",
  "Herencia": true,
  "Multiplataforma": true,
  "Polimorfismo": true,
  "Encapsulamiento": true
},
{
  "_id": {
    "$oid": "66390dc46c9b1457a2af575b"
  },
  "Nombre": "Visual Basic",
  "Herencia": true,
  "Multiplataforma": false,
  "Polimorfismo": true,
  "Encapsulamiento": true
},
{
  "_id": {
    "$oid": "66390dc46c9b1457a2af575c"
  },
  "Nombre": "Visual C#",
  "Herencia": true,
  "Multiplataforma": false,
  "Polimorfismo": true,
  "Encapsulamiento": true
},
{
  "_id": {
    "$oid": "66390dc46c9b1457a2af575d"
  },
  "Nombre": "TypeScript",
  "Herencia": true,
  "Multiplataforma": true,
  "Polimorfismo": true,
  "Encapsulamiento": true,
  "Compilacion_estatica": true
},
{
  "_id": {
    "$oid": "66390dc46c9b1457a2af575e"
  },
  "Nombre": "Smalltalk",
  "Herencia": true,
  "Multiplataforma": true,
  "Polimorfismo": true,
  "Encapsulamiento": true
},
{
  "_id": {
    "$oid": "66390dc46c9b1457a2af575f"
  },
  "Nombre": "PHP",
  "Herencia": true,
  "Multiplataforma": true,
  "Polimorfismo": true,
  "Encapsulamiento": true
},
{
  "_id": {
    "$oid": "66390dc46c9b1457a2af5760"
  },
  "Nombre": "Python",
  "Herencia": true,
  "Multiplataforma": true,
  "Polimorfismo": true,
  "Encapsulamiento": true
},
{
  "_id": {
    "$oid": "66390dc46c9b1457a2af5761"
  },
  "Nombre": "Perl",
  "Herencia": false,
  "Multiplataforma": true,
  "Polimorfismo": true,
  "Encapsulamiento": true
}]