[{
  "_id": {
    "$oid": "66390dc46c9b1457a2af5762"
  },
  "Nombre": "C++",
  "Eventos": [
    {
      "Fecha": "1983",
      "Evento": "Se publica la especificación original de C++ por Bjarne Stroustrup.",
      "Proyectos": [
        {
          "Nombre": "Mozilla Firefox",
          "Descripcion": "Uno de los navegadores web más populares del mundo, desarrollado en C++ y JavaScript. Es un proyecto de software libre."
        }
      ]
    },
    {
      "Fecha": "1998",
      "Evento": "Se publica el estándar ISO/IEC 14882:1998, que formaliza C++ como un estándar internacional.",
      "Proyectos": []
    },
    {
      "Fecha": "2011",
      "Evento": "Se publica el estándar C++11, introduciendo importantes mejoras al lenguaje.",
      "Proyectos": []
    }
  ]
},
{
  "_id": {
    "$oid": "66390dc46c9b1457a2af5763"
  },
  "Nombre": "Java",
  "Eventos": [
    {
      "Fecha": "1995",
      "Evento": "Java es lanzado públicamente por Sun Microsystems.",
      "Proyectos": [
        {
          "Nombre": "Apache Tomcat",
          "Descripcion": "Un servidor web de código abierto y contenedor servlet, desarrollado en Java. Es un proyecto de software libre."
        }
      ]
    },
    {
      "Fecha": "2004",
      "Evento": "Se publica el estándar Java SE 6, introduciendo mejoras significativas.",
      "Proyectos": []
    },
    {
      "Fecha": "2017",
      "Evento": "Oracle anuncia el lanzamiento de Java SE 9, que introduce el sistema de módulos.",
      "Proyectos": []
    }
  ]
},
{
  "_id": {
    "$oid": "66390dc46c9b1457a2af5764"
  },
  "Nombre": "Ruby",
  "Eventos": [
    {
      "Fecha": "1995",
      "Evento": "Yukihiro Matsumoto (Matz) lanza la primera versión pública de Ruby.",
      "Proyectos": [
        {
          "Nombre": "Ruby on Rails",
          "Descripcion": "Un popular framework de desarrollo web basado en Ruby. Es un proyecto de software libre."
        }
      ]
    },
    {
      "Fecha": "2005",
      "Evento": "Se lanza Ruby on Rails, un popular framework de desarrollo web basado en Ruby.",
      "Proyectos": []
    },
    {
      "Fecha": "2013",
      "Evento": "Se publica Ruby 2.0, con mejoras significativas en rendimiento y usabilidad.",
      "Proyectos": []
    }
  ]
},
{
  "_id": {
    "$oid": "66390dc46c9b1457a2af5765"
  },
  "Nombre": "Visual Basic",
  "Eventos": [
    {
      "Fecha": "1991",
      "Evento": "Microsoft lanza Visual Basic 1.0.",
      "Proyectos": []
    },
    {
      "Fecha": "2008",
      "Evento": "Se publica Visual Basic .NET como parte de Visual Studio 2008.",
      "Proyectos": []
    },
    {
      "Fecha": "2020",
      "Evento": "Microsoft anuncia el fin del soporte para Visual Basic 6.0, marcando el fin de una era.",
      "Proyectos": []
    }
  ]
},
{
  "_id": {
    "$oid": "66390dc46c9b1457a2af5766"
  },
  "Nombre": "Visual C#",
  "Eventos": [
    {
      "Fecha": "2000",
      "Evento": "Microsoft anuncia C# como parte de la plataforma .NET.",
      "Proyectos": []
    },
    {
      "Fecha": "2005",
      "Evento": "Se lanza C# 2.0, introduciendo características como genéricos y delegados anónimos.",
      "Proyectos": []
    },
    {
      "Fecha": "2017",
      "Evento": "Microsoft lanza C# 7.0, con mejoras en expresiones lambda y tuplas.",
      "Proyectos": []
    }
  ]
},
{
  "_id": {
    "$oid": "66390dc46c9b1457a2af5767"
  },
  "Nombre": "TypeScript",
  "Eventos": [
    {
      "Fecha": "2012",
      "Evento": "Microsoft anuncia TypeScript como un superset de JavaScript para el desarrollo de aplicaciones a gran escala.",
      "Proyectos": []
    },
    {
      "Fecha": "2014",
      "Evento": "Se lanza TypeScript 1.0, con soporte para clases, módulos y interfaces.",
      "Proyectos": []
    },
    {
      "Fecha": "2020",
      "Evento": "Se publica TypeScript 4.0, con características como tipado variádico y soporte para el operador de encadenamiento opcional.",
      "Proyectos": []
    }
  ]
},
{
  "_id": {
    "$oid": "66390dc46c9b1457a2af5768"
  },
  "Nombre": "Smalltalk",
  "Eventos": [
    {
      "Fecha": "1972",
      "Evento": "Alan Kay propone la idea de objetos y clases en su tesis doctoral.",
      "Proyectos": []
    },
    {
      "Fecha": "1980",
      "Evento": "Xerox PARC desarrolla Smalltalk-80, la primera implementación completa del lenguaje.",
      "Proyectos": []
    },
    {
      "Fecha": "1996",
      "Evento": "Smalltalk es estandarizado por ANSI, bajo el nombre de 'ANSI Smalltalk'.",
      "Proyectos": []
    }
  ]
},
{
  "_id": {
    "$oid": "66390dc46c9b1457a2af5769"
  },
  "Nombre": "PHP",
  "Eventos": [
    {
      "Fecha": "1995",
      "Evento": "Rasmus Lerdorf lanza la primera versión de PHP, originalmente llamada 'Personal Home Page Tools'.",
      "Proyectos": []
    },
    {
      "Fecha": "2005",
      "Evento": "Se lanza PHP 5, con mejoras significativas en rendimiento y soporte para la programación orientada a objetos.",
      "Proyectos": []
    },
    {
      "Fecha": "2020",
      "Evento": "Se publica PHP 8.0, con importantes mejoras de rendimiento y nuevas características como atributos y union types.",
      "Proyectos": []
    }
  ]
},
{
  "_id": {
    "$oid": "66390dc46c9b1457a2af576a"
  },
  "Nombre": "Python",
  "Eventos": [
    {
      "Fecha": "1991",
      "Evento": "Guido van Rossum publica la primera versión de Python.",
      "Proyectos": [
        {
          "Nombre": "Django",
          "Descripcion": "Un framework de desarrollo web de alto nivel, desarrollado en Python. Es un proyecto de software libre."
        }
      ]
    },
    {
      "Fecha": "2008",
      "Evento": "Se lanza Python 3.0, con importantes cambios y mejoras que no son retrocompatibles con versiones anteriores.",
      "Proyectos": []
    },
    {
      "Fecha": "2020",
      "Evento": "Se publica Python 3.9, con mejoras en sintaxis y rendimiento, así como nuevas características como dict union y TypeHinting.",
      "Proyectos": []
    }
  ]
},
{
  "_id": {
    "$oid": "66390dc46c9b1457a2af576b"
  },
  "Nombre": "Perl",
  "Eventos": [
    {
      "Fecha": "1987",
      "Evento": "Larry Wall lanza Perl 1.0.",
      "Proyectos": []
    },
    {
      "Fecha": "2000",
      "Evento": "Se lanza Perl 5.6.0, con importantes mejoras en estabilidad y características.",
      "Proyectos": []
    },
    {
      "Fecha": "2015",
      "Evento": "Se publica Perl 5.22.0, introduciendo mejoras en seguridad y rendimiento.",
      "Proyectos": []
    }
  ]
}]