[{
  "_id": {
    "$oid": "66390dc46c9b1457a2af576c"
  },
  "Nombre": "C++",
  "Ejemplos": [
    {
      "Contexto": "Aplicaciones de alto rendimiento",
      "Ejemplo": "Desarrollo de motores de juegos y software de gráficos en 3D utilizando librerías como OpenGL."
    },
    {
      "Contexto": "Sistemas embebidos",
      "Ejemplo": "Programación de controladores de dispositivos y sistemas embebidos debido a su rendimiento y capacidad de bajo nivel."
    },
    {
      "Contexto": "Desarrollo de sistemas operativos",
      "Ejemplo": "C++ se utiliza en el desarrollo de sistemas operativos como Windows y Linux debido a su eficiencia y control de hardware."
    }
  ]
},
{
  "_id": {
    "$oid": "66390dc46c9b1457a2af576d"
  },
  "Nombre": "Java",
  "Ejemplos": [
    {
      "Contexto": "Desarrollo web",
      "Ejemplo": "Desarrollo de aplicaciones web utilizando frameworks como Spring o Java EE para crear aplicaciones empresariales escalables."
    },
    {
      "Contexto": "Aplicaciones móviles",
      "Ejemplo": "Desarrollo de aplicaciones móviles para Android utilizando el kit de desarrollo de software (SDK) de Android con Java como lenguaje principal."
    },
    {
      "Contexto": "Aplicaciones empresariales",
      "Ejemplo": "Desarrollo de aplicaciones empresariales seguras y fiables debido a la robustez y portabilidad de Java."
    }
  ]
},
{
  "_id": {
    "$oid": "66390dc46c9b1457a2af576e"
  },
  "Nombre": "Ruby",
  "Ejemplos": [
    {
      "Contexto": "Desarrollo web",
      "Ejemplo": "Desarrollo de aplicaciones web dinámicas utilizando el framework Ruby on Rails para la creación rápida de prototipos."
    },
    {
      "Contexto": "Automatización de tareas",
      "Ejemplo": "Escritura de scripts para automatizar tareas repetitivas, como procesamiento de datos, utilizando la simplicidad y expresividad de Ruby."
    },
    {
      "Contexto": "Desarrollo de juegos",
      "Ejemplo": "Desarrollo de juegos y aplicaciones multimedia utilizando la biblioteca Gosu o frameworks como Rubygame."
    }
  ]
},
{
  "_id": {
    "$oid": "66390dc46c9b1457a2af576f"
  },
  "Nombre": "Visual Basic",
  "Ejemplos": [
    {
      "Contexto": "Desarrollo de aplicaciones de escritorio",
      "Ejemplo": "Desarrollo de aplicaciones de escritorio para Windows utilizando el entorno de desarrollo integrado (IDE) de Visual Studio y las librerías de Windows Forms."
    },
    {
      "Contexto": "Automatización de tareas",
      "Ejemplo": "Escritura de macros y scripts para automatizar tareas en aplicaciones de Microsoft Office, como Excel y Access."
    },
    {
      "Contexto": "Desarrollo de sistemas embebidos",
      "Ejemplo": "Programación de sistemas embebidos y controladores utilizando Visual Basic y .NET Micro Framework."
    }
  ]
},
{
  "_id": {
    "$oid": "66390dc46c9b1457a2af5770"
  },
  "Nombre": "Visual C#",
  "Ejemplos": [
    {
      "Contexto": "Desarrollo de aplicaciones de escritorio",
      "Ejemplo": "Desarrollo de aplicaciones de escritorio modernas para Windows utilizando Windows Presentation Foundation (WPF) o Universal Windows Platform (UWP)."
    },
    {
      "Contexto": "Desarrollo de aplicaciones móviles",
      "Ejemplo": "Desarrollo de aplicaciones móviles para Windows Phone utilizando Visual Studio y el framework Xamarin."
    },
    {
      "Contexto": "Desarrollo de juegos",
      "Ejemplo": "Desarrollo de juegos utilizando la biblioteca de juegos Unity y C# como lenguaje de scripting."
    }
  ]
},
{
  "_id": {
    "$oid": "66390dc46c9b1457a2af5771"
  },
  "Nombre": "TypeScript",
  "Ejemplos": [
    {
      "Contexto": "Desarrollo web",
      "Ejemplo": "Desarrollo de aplicaciones web modernas utilizando Angular o React con TypeScript para una mejor organización y mantenimiento del código."
    },
    {
      "Contexto": "Desarrollo de aplicaciones empresariales",
      "Ejemplo": "Desarrollo de aplicaciones empresariales escalables utilizando Node.js con TypeScript en el lado del servidor."
    },
    {
      "Contexto": "Desarrollo de aplicaciones de escritorio",
      "Ejemplo": "Desarrollo de aplicaciones de escritorio multiplataforma utilizando Electron y TypeScript."
    }
  ]
},
{
  "_id": {
    "$oid": "66390dc46c9b1457a2af5772"
  },
  "Nombre": "Smalltalk",
  "Ejemplos": [
    {
      "Contexto": "Investigación científica",
      "Ejemplo": "Modelado y simulación en investigación científica en áreas como biología, física y matemáticas utilizando entornos de Smalltalk."
    },
    {
      "Contexto": "Educación",
      "Ejemplo": "Enseñanza de conceptos de programación y desarrollo de habilidades de resolución de problemas en entornos de aprendizaje basados en Smalltalk."
    },
    {
      "Contexto": "Desarrollo de aplicaciones comerciales",
      "Ejemplo": "Desarrollo de aplicaciones comerciales personalizadas, como sistemas de gestión de inventario y contabilidad, utilizando Smalltalk."
    }
  ]
},
{
  "_id": {
    "$oid": "66390dc46c9b1457a2af5773"
  },
  "Nombre": "PHP",
  "Ejemplos": [
    {
      "Contexto": "Desarrollo web",
      "Ejemplo": "Desarrollo de sitios web dinámicos y aplicaciones web utilizando frameworks como Laravel, Symfony o CodeIgniter."
    },
    {
      "Contexto": "Desarrollo de sistemas de gestión de contenido (CMS)",
      "Ejemplo": "Creación de sistemas de gestión de contenido personalizados utilizando WordPress o Drupal y programación en PHP para la funcionalidad específica del sitio."
    },
    {
      "Contexto": "Desarrollo de aplicaciones de comercio electrónico",
      "Ejemplo": "Desarrollo de tiendas en línea y plataformas de comercio electrónico utilizando Magento o WooCommerce, con programación en PHP para personalización y funcionalidad adicional."
    }
  ]
},
{
  "_id": {
    "$oid": "66390dc46c9b1457a2af5774"
  },
  "Nombre": "Python",
  "Ejemplos": [
    {
      "Contexto": "Desarrollo web",
      "Ejemplo": "Desarrollo de aplicaciones web utilizando frameworks como Django o Flask para la creación rápida y escalable de sitios y servicios web."
    },
    {
      "Contexto": "Análisis de datos y ciencia de datos",
      "Ejemplo": "Análisis de datos, visualización y modelado predictivo utilizando bibliotecas como Pandas, NumPy y SciPy en Python."
    },
    {
      "Contexto": "Automatización de tareas",
      "Ejemplo": "Automatización de tareas de administración de sistemas, procesamiento de archivos y operaciones de red utilizando Python."
    }
  ]
},
{
  "_id": {
    "$oid": "66390dc46c9b1457a2af5775"
  },
  "Nombre": "Perl",
  "Ejemplos": [
    {
      "Contexto": "Procesamiento de texto y archivos",
      "Ejemplo": "Procesamiento de archivos de texto, extracción de datos y manipulación de cadenas utilizando expresiones regulares y herramientas de procesamiento de texto de Perl."
    },
    {
      "Contexto": "Automatización de sistemas",
      "Ejemplo": "Automatización de tareas de administración de sistemas y redes, como configuración de servidores y gestión de sistemas de archivos."
    },
    {
      "Contexto": "Desarrollo de scripts",
      "Ejemplo": "Escritura de scripts para tareas administrativas, generación de informes y procesamiento por lotes en sistemas Unix y Windows."
    }
  ]
}]