[{
  "_id": 1,
  "Nombre": "C++",
  "Anyo": 1980,
  "Paradigma": "Multiparadigma",
  "Desarrollador/es": "Bjarne Stroustroup",
  "Descripcion": "Es un lenguaje de programación que proviene de la extensión del lenguaje C para que puediese manipular objetos."
},
{
  "_id": 2,
  "Nombre": "Java",
  "Anyo": 1995,
  "Paradigma": "Programación Orientada a Objetos",
  "Desarrollador/es": "James Gosling",
  "Descripcion": "Java es un lenguaje multiplataforma, orientado a objetos y centrado en la red que se puede utilizar como una plataforma en sí mismo."
},
{
  "_id": 3,
  "Nombre": "Ruby",
  "Anyo": 1993,
  "Paradigma": "Modelo Vista Controlador (MVC)",
  "Desarrollador/es": "Yukihiro Matsumoto",
  "Descripcion": "Ruby es un lenguaje de programación que se utiliza tanto para el desarrollo de aplicaciones web hasta el análisis de datos, entre otras muchas cosas."
},
{
  "_id": 4,
  "Nombre": "Visual Basic",
  "Anyo": 1991,
  "Paradigma": "Programación Orientada a Objetos",
  "Desarrollador/es": "Alan Cooper",
  "Descripcion": "Es un lenguaje de programación dirigido por Eventos. Este agiliza y simplifica la creación de aplicaciones."
},
{
  "_id": 5,
  "Nombre": "Visual C#",
  "Anyo": 2002,
  "Paradigma": "Programación Orientada a Objetos",
  "Desarrollador/es": "Anders Hejlsberg",
  "Descripcion": "Lenguaje de programación moderno, basado en objetos y con seguridad de tipos. C# permite a los desarrolladores crear aplicaciones seguras y sólidas que se ejecutan en .NET."
},
{
  "_id": 6,
  "Nombre": "TypeScript",
  "Anyo": 2010,
  "Paradigma": "Programación Orientada a Objetos y programación funcional",
  "Desarrollador/es": "Microsoft",
  "Descripcion": "Es un superset de JavaScript que añade tipado estático y otros elementos que facilitan el desarrollo de aplicaciones a gran escala."
},
{
  "_id": 7,
  "Nombre": "Smalltalk",
  "Anyo": 1980,
  "Paradigma": "Programación Orientada a Objetos",
  "Desarrollador/es": "Alan Key, Adele Goldberg, Daniel Henry Holmes Ingalls",
  "Descripcion": "Java es un lenguaje multiplataforma, orientado a objetos y centrado en la red que se puede utilizar como una plataforma en sí mismo."
},
{
  "_id": 8,
  "Nombre": "PHP",
  "Anyo": 1994,
  "Paradigma": "Imperativo, funcional, orientado a objetos, procedural y reflexivo",
  "Desarrollador/es": "Rasmus Lerdorf",
  "Descripcion": "Lenguaje de programación destinado a desarrollar aplicaciones para la web y crear páginas web, favoreciendo la conexión entre los servidores y la interfaz de usuario."
},
{
  "_id": 9,
  "Nombre": "Python",
  "Anyo": 1989,
  "Paradigma": "Imperativo, Orientado a objetos (POO) y Funcional.",
  "Desarrollador/es": "Guido van Rossum",
  "Descripcion": "Es un lenguaje de programación ampliamente utilizado en las aplicaciones web, el desarrollo de software, la ciencia de datos y el machine learning."
},
{
  "_id": 10,
  "Nombre": "Perl",
  "Anyo": 1987,
  "Paradigma": "Imperativo, Orientado a objetos (POO), Funcional y Procedimental.",
  "Desarrollador/es": "Larry Wall",
  "Descripcion": "Es un lenguaje de programación ampliamente utilizado en las aplicaciones web, el desarrollo de software, la ciencia de datos y el machine learning."
},
{
  "_id": 11,
  "Nombre": "Simula",
  "Herencia": "true",
  "Multiplataforma": "false",
  "Polimorfismo": "true",
  "Encapsulamiento": "true"
}]